id,category_l,category_s,length,fit
0,,,,
1,,,,타이트
2,,,,노멀
3,,,,루즈
4,,,,오버사이즈
5,,,크롭,
6,,,크롭,타이트
7,,,크롭,노멀
8,,,크롭,루즈
9,,,크롭,오버사이즈
10,,,노멀,
11,,,노멀,타이트
12,,,노멀,노멀
13,,,노멀,루즈
14,,,노멀,오버사이즈
15,,,롱,
16,,,롱,타이트
17,,,롱,노멀
18,,,롱,루즈
19,,,롱,오버사이즈
20,,탑,,
21,,탑,,타이트
22,,탑,,노멀
23,,탑,,루즈
24,,탑,,오버사이즈
25,,탑,크롭,
26,,탑,크롭,타이트
27,,탑,크롭,노멀
28,,탑,크롭,루즈
29,,탑,크롭,오버사이즈
30,,탑,노멀,
31,,탑,노멀,타이트
32,,탑,노멀,노멀
33,,탑,노멀,루즈
34,,탑,노멀,오버사이즈
35,,탑,롱,
36,,탑,롱,타이트
37,,탑,롱,노멀
38,,탑,롱,루즈
39,,탑,롱,오버사이즈
40,,블라우스,,
41,,블라우스,,타이트
42,,블라우스,,노멀
43,,블라우스,,루즈
44,,블라우스,,오버사이즈
45,,블라우스,크롭,
46,,블라우스,크롭,타이트
47,,블라우스,크롭,노멀
48,,블라우스,크롭,루즈
49,,블라우스,크롭,오버사이즈
50,,블라우스,노멀,
51,,블라우스,노멀,타이트
52,,블라우스,노멀,노멀
53,,블라우스,노멀,루즈
54,,블라우스,노멀,오버사이즈
55,,블라우스,롱,
56,,블라우스,롱,타이트
57,,블라우스,롱,노멀
58,,블라우스,롱,루즈
59,,블라우스,롱,오버사이즈
60,,티셔츠,,
61,,티셔츠,,타이트
62,,티셔츠,,노멀
63,,티셔츠,,루즈
64,,티셔츠,,오버사이즈
65,,티셔츠,크롭,
66,,티셔츠,크롭,타이트
67,,티셔츠,크롭,노멀
68,,티셔츠,크롭,루즈
69,,티셔츠,크롭,오버사이즈
70,,티셔츠,노멀,
71,,티셔츠,노멀,타이트
72,,티셔츠,노멀,노멀
73,,티셔츠,노멀,루즈
74,,티셔츠,노멀,오버사이즈
75,,티셔츠,롱,
76,,티셔츠,롱,타이트
77,,티셔츠,롱,노멀
78,,티셔츠,롱,루즈
79,,티셔츠,롱,오버사이즈
80,,니트웨어,,
81,,니트웨어,,타이트
82,,니트웨어,,노멀
83,,니트웨어,,루즈
84,,니트웨어,,오버사이즈
85,,니트웨어,크롭,
86,,니트웨어,크롭,타이트
87,,니트웨어,크롭,노멀
88,,니트웨어,크롭,루즈
89,,니트웨어,크롭,오버사이즈
90,,니트웨어,노멀,
91,,니트웨어,노멀,타이트
92,,니트웨어,노멀,노멀
93,,니트웨어,노멀,루즈
94,,니트웨어,노멀,오버사이즈
95,,니트웨어,롱,
96,,니트웨어,롱,타이트
97,,니트웨어,롱,노멀
98,,니트웨어,롱,루즈
99,,니트웨어,롱,오버사이즈
100,,셔츠,,
101,,셔츠,,타이트
102,,셔츠,,노멀
103,,셔츠,,루즈
104,,셔츠,,오버사이즈
105,,셔츠,크롭,
106,,셔츠,크롭,타이트
107,,셔츠,크롭,노멀
108,,셔츠,크롭,루즈
109,,셔츠,크롭,오버사이즈
110,,셔츠,노멀,
111,,셔츠,노멀,타이트
112,,셔츠,노멀,노멀
113,,셔츠,노멀,루즈
114,,셔츠,노멀,오버사이즈
115,,셔츠,롱,
116,,셔츠,롱,타이트
117,,셔츠,롱,노멀
118,,셔츠,롱,루즈
119,,셔츠,롱,오버사이즈
120,,브라탑,,
121,,브라탑,,타이트
122,,브라탑,,노멀
123,,브라탑,,루즈
124,,브라탑,,오버사이즈
125,,브라탑,크롭,
126,,브라탑,크롭,타이트
127,,브라탑,크롭,노멀
128,,브라탑,크롭,루즈
129,,브라탑,크롭,오버사이즈
130,,브라탑,노멀,
131,,브라탑,노멀,타이트
132,,브라탑,노멀,노멀
133,,브라탑,노멀,루즈
134,,브라탑,노멀,오버사이즈
135,,브라탑,롱,
136,,브라탑,롱,타이트
137,,브라탑,롱,노멀
138,,브라탑,롱,루즈
139,,브라탑,롱,오버사이즈
140,,후드티,,
141,,후드티,,타이트
142,,후드티,,노멀
143,,후드티,,루즈
144,,후드티,,오버사이즈
145,,후드티,크롭,
146,,후드티,크롭,타이트
147,,후드티,크롭,노멀
148,,후드티,크롭,루즈
149,,후드티,크롭,오버사이즈
150,,후드티,노멀,
151,,후드티,노멀,타이트
152,,후드티,노멀,노멀
153,,후드티,노멀,루즈
154,,후드티,노멀,오버사이즈
155,,후드티,롱,
156,,후드티,롱,타이트
157,,후드티,롱,노멀
158,,후드티,롱,루즈
159,,후드티,롱,오버사이즈
160,상의,,,
161,상의,,,스키니
162,상의,,,노멀
163,상의,,,와이드
164,상의,,,루즈
165,상의,,,벨보텀
166,상의,,미니,
167,상의,,미니,스키니
168,상의,,미니,노멀
169,상의,,미니,와이드
170,상의,,미니,루즈
171,상의,,미니,벨보텀
172,상의,,니렝스,
173,상의,,니렝스,스키니
174,상의,,니렝스,노멀
175,상의,,니렝스,와이드
176,상의,,니렝스,루즈
177,상의,,니렝스,벨보텀
178,상의,,미디,
179,상의,,미디,스키니
180,상의,,미디,노멀
181,상의,,미디,와이드
182,상의,,미디,루즈
183,상의,,미디,벨보텀
184,상의,,발목,
185,상의,,발목,스키니
186,상의,,발목,노멀
187,상의,,발목,와이드
188,상의,,발목,루즈
189,상의,,발목,벨보텀
190,상의,,맥시,
191,상의,,맥시,스키니
192,상의,,맥시,노멀
193,상의,,맥시,와이드
194,상의,,맥시,루즈
195,상의,,맥시,벨보텀
196,상의,청바지,,
197,상의,청바지,,스키니
198,상의,청바지,,노멀
199,상의,청바지,,와이드
200,상의,청바지,,루즈
201,상의,청바지,,벨보텀
202,상의,청바지,미니,
203,상의,청바지,미니,스키니
204,상의,청바지,미니,노멀
205,상의,청바지,미니,와이드
206,상의,청바지,미니,루즈
207,상의,청바지,미니,벨보텀
208,상의,청바지,니렝스,
209,상의,청바지,니렝스,스키니
210,상의,청바지,니렝스,노멀
211,상의,청바지,니렝스,와이드
212,상의,청바지,니렝스,루즈
213,상의,청바지,니렝스,벨보텀
214,상의,청바지,미디,
215,상의,청바지,미디,스키니
216,상의,청바지,미디,노멀
217,상의,청바지,미디,와이드
218,상의,청바지,미디,루즈
219,상의,청바지,미디,벨보텀
220,상의,청바지,발목,
221,상의,청바지,발목,스키니
222,상의,청바지,발목,노멀
223,상의,청바지,발목,와이드
224,상의,청바지,발목,루즈
225,상의,청바지,발목,벨보텀
226,상의,청바지,맥시,
227,상의,청바지,맥시,스키니
228,상의,청바지,맥시,노멀
229,상의,청바지,맥시,와이드
230,상의,청바지,맥시,루즈
231,상의,청바지,맥시,벨보텀
232,상의,팬츠,,
233,상의,팬츠,,스키니
234,상의,팬츠,,노멀
235,상의,팬츠,,와이드
236,상의,팬츠,,루즈
237,상의,팬츠,,벨보텀
238,상의,팬츠,미니,
239,상의,팬츠,미니,스키니
240,상의,팬츠,미니,노멀
241,상의,팬츠,미니,와이드
242,상의,팬츠,미니,루즈
243,상의,팬츠,미니,벨보텀
244,상의,팬츠,니렝스,
245,상의,팬츠,니렝스,스키니
246,상의,팬츠,니렝스,노멀
247,상의,팬츠,니렝스,와이드
248,상의,팬츠,니렝스,루즈
249,상의,팬츠,니렝스,벨보텀
250,상의,팬츠,미디,
251,상의,팬츠,미디,스키니
252,상의,팬츠,미디,노멀
253,상의,팬츠,미디,와이드
254,상의,팬츠,미디,루즈
255,상의,팬츠,미디,벨보텀
256,상의,팬츠,발목,
257,상의,팬츠,발목,스키니
258,상의,팬츠,발목,노멀
259,상의,팬츠,발목,와이드
260,상의,팬츠,발목,루즈
261,상의,팬츠,발목,벨보텀
262,상의,팬츠,맥시,
263,상의,팬츠,맥시,스키니
264,상의,팬츠,맥시,노멀
265,상의,팬츠,맥시,와이드
266,상의,팬츠,맥시,루즈
267,상의,팬츠,맥시,벨보텀
268,상의,스커트,,
269,상의,스커트,,스키니
270,상의,스커트,,노멀
271,상의,스커트,,와이드
272,상의,스커트,,루즈
273,상의,스커트,,벨보텀
274,상의,스커트,미니,
275,상의,스커트,미니,스키니
276,상의,스커트,미니,노멀
277,상의,스커트,미니,와이드
278,상의,스커트,미니,루즈
279,상의,스커트,미니,벨보텀
280,상의,스커트,니렝스,
281,상의,스커트,니렝스,스키니
282,상의,스커트,니렝스,노멀
283,상의,스커트,니렝스,와이드
284,상의,스커트,니렝스,루즈
285,상의,스커트,니렝스,벨보텀
286,상의,스커트,미디,
287,상의,스커트,미디,스키니
288,상의,스커트,미디,노멀
289,상의,스커트,미디,와이드
290,상의,스커트,미디,루즈
291,상의,스커트,미디,벨보텀
292,상의,스커트,발목,
293,상의,스커트,발목,스키니
294,상의,스커트,발목,노멀
295,상의,스커트,발목,와이드
296,상의,스커트,발목,루즈
297,상의,스커트,발목,벨보텀
298,상의,스커트,맥시,
299,상의,스커트,맥시,스키니
300,상의,스커트,맥시,노멀
301,상의,스커트,맥시,와이드
302,상의,스커트,맥시,루즈
303,상의,스커트,맥시,벨보텀
304,상의,레깅스,,
305,상의,레깅스,,스키니
306,상의,레깅스,,노멀
307,상의,레깅스,,와이드
308,상의,레깅스,,루즈
309,상의,레깅스,,벨보텀
310,상의,레깅스,미니,
311,상의,레깅스,미니,스키니
312,상의,레깅스,미니,노멀
313,상의,레깅스,미니,와이드
314,상의,레깅스,미니,루즈
315,상의,레깅스,미니,벨보텀
316,상의,레깅스,니렝스,
317,상의,레깅스,니렝스,스키니
318,상의,레깅스,니렝스,노멀
319,상의,레깅스,니렝스,와이드
320,상의,레깅스,니렝스,루즈
321,상의,레깅스,니렝스,벨보텀
322,상의,레깅스,미디,
323,상의,레깅스,미디,스키니
324,상의,레깅스,미디,노멀
325,상의,레깅스,미디,와이드
326,상의,레깅스,미디,루즈
327,상의,레깅스,미디,벨보텀
328,상의,레깅스,발목,
329,상의,레깅스,발목,스키니
330,상의,레깅스,발목,노멀
331,상의,레깅스,발목,와이드
332,상의,레깅스,발목,루즈
333,상의,레깅스,발목,벨보텀
334,상의,레깅스,맥시,
335,상의,레깅스,맥시,스키니
336,상의,레깅스,맥시,노멀
337,상의,레깅스,맥시,와이드
338,상의,레깅스,맥시,루즈
339,상의,레깅스,맥시,벨보텀
340,상의,조거팬츠,,
341,상의,조거팬츠,,스키니
342,상의,조거팬츠,,노멀
343,상의,조거팬츠,,와이드
344,상의,조거팬츠,,루즈
345,상의,조거팬츠,,벨보텀
346,상의,조거팬츠,미니,
347,상의,조거팬츠,미니,스키니
348,상의,조거팬츠,미니,노멀
349,상의,조거팬츠,미니,와이드
350,상의,조거팬츠,미니,루즈
351,상의,조거팬츠,미니,벨보텀
352,상의,조거팬츠,니렝스,
353,상의,조거팬츠,니렝스,스키니
354,상의,조거팬츠,니렝스,노멀
355,상의,조거팬츠,니렝스,와이드
356,상의,조거팬츠,니렝스,루즈
357,상의,조거팬츠,니렝스,벨보텀
358,상의,조거팬츠,미디,
359,상의,조거팬츠,미디,스키니
360,상의,조거팬츠,미디,노멀
361,상의,조거팬츠,미디,와이드
362,상의,조거팬츠,미디,루즈
363,상의,조거팬츠,미디,벨보텀
364,상의,조거팬츠,발목,
365,상의,조거팬츠,발목,스키니
366,상의,조거팬츠,발목,노멀
367,상의,조거팬츠,발목,와이드
368,상의,조거팬츠,발목,루즈
369,상의,조거팬츠,발목,벨보텀
370,상의,조거팬츠,맥시,
371,상의,조거팬츠,맥시,스키니
372,상의,조거팬츠,맥시,노멀
373,상의,조거팬츠,맥시,와이드
374,상의,조거팬츠,맥시,루즈
375,상의,조거팬츠,맥시,벨보텀
376,하의,,,
377,하의,,,타이트
378,하의,,,노멀
379,하의,,,루즈
380,하의,,,오버사이즈
381,하의,,크롭,
382,하의,,크롭,타이트
383,하의,,크롭,노멀
384,하의,,크롭,루즈
385,하의,,크롭,오버사이즈
386,하의,,노멀,
387,하의,,노멀,타이트
388,하의,,노멀,노멀
389,하의,,노멀,루즈
390,하의,,노멀,오버사이즈
391,하의,,하프,
392,하의,,하프,타이트
393,하의,,하프,노멀
394,하의,,하프,루즈
395,하의,,하프,오버사이즈
396,하의,,롱,
397,하의,,롱,타이트
398,하의,,롱,노멀
399,하의,,롱,루즈
400,하의,,롱,오버사이즈
401,하의,,맥시,
402,하의,,맥시,타이트
403,하의,,맥시,노멀
404,하의,,맥시,루즈
405,하의,,맥시,오버사이즈
406,하의,코트,,
407,하의,코트,,타이트
408,하의,코트,,노멀
409,하의,코트,,루즈
410,하의,코트,,오버사이즈
411,하의,코트,크롭,
412,하의,코트,크롭,타이트
413,하의,코트,크롭,노멀
414,하의,코트,크롭,루즈
415,하의,코트,크롭,오버사이즈
416,하의,코트,노멀,
417,하의,코트,노멀,타이트
418,하의,코트,노멀,노멀
419,하의,코트,노멀,루즈
420,하의,코트,노멀,오버사이즈
421,하의,코트,하프,
422,하의,코트,하프,타이트
423,하의,코트,하프,노멀
424,하의,코트,하프,루즈
425,하의,코트,하프,오버사이즈
426,하의,코트,롱,
427,하의,코트,롱,타이트
428,하의,코트,롱,노멀
429,하의,코트,롱,루즈
430,하의,코트,롱,오버사이즈
431,하의,코트,맥시,
432,하의,코트,맥시,타이트
433,하의,코트,맥시,노멀
434,하의,코트,맥시,루즈
435,하의,코트,맥시,오버사이즈
436,하의,재킷,,
437,하의,재킷,,타이트
438,하의,재킷,,노멀
439,하의,재킷,,루즈
440,하의,재킷,,오버사이즈
441,하의,재킷,크롭,
442,하의,재킷,크롭,타이트
443,하의,재킷,크롭,노멀
444,하의,재킷,크롭,루즈
445,하의,재킷,크롭,오버사이즈
446,하의,재킷,노멀,
447,하의,재킷,노멀,타이트
448,하의,재킷,노멀,노멀
449,하의,재킷,노멀,루즈
450,하의,재킷,노멀,오버사이즈
451,하의,재킷,하프,
452,하의,재킷,하프,타이트
453,하의,재킷,하프,노멀
454,하의,재킷,하프,루즈
455,하의,재킷,하프,오버사이즈
456,하의,재킷,롱,
457,하의,재킷,롱,타이트
458,하의,재킷,롱,노멀
459,하의,재킷,롱,루즈
460,하의,재킷,롱,오버사이즈
461,하의,재킷,맥시,
462,하의,재킷,맥시,타이트
463,하의,재킷,맥시,노멀
464,하의,재킷,맥시,루즈
465,하의,재킷,맥시,오버사이즈
466,하의,점퍼,,
467,하의,점퍼,,타이트
468,하의,점퍼,,노멀
469,하의,점퍼,,루즈
470,하의,점퍼,,오버사이즈
471,하의,점퍼,크롭,
472,하의,점퍼,크롭,타이트
473,하의,점퍼,크롭,노멀
474,하의,점퍼,크롭,루즈
475,하의,점퍼,크롭,오버사이즈
476,하의,점퍼,노멀,
477,하의,점퍼,노멀,타이트
478,하의,점퍼,노멀,노멀
479,하의,점퍼,노멀,루즈
480,하의,점퍼,노멀,오버사이즈
481,하의,점퍼,하프,
482,하의,점퍼,하프,타이트
483,하의,점퍼,하프,노멀
484,하의,점퍼,하프,루즈
485,하의,점퍼,하프,오버사이즈
486,하의,점퍼,롱,
487,하의,점퍼,롱,타이트
488,하의,점퍼,롱,노멀
489,하의,점퍼,롱,루즈
490,하의,점퍼,롱,오버사이즈
491,하의,점퍼,맥시,
492,하의,점퍼,맥시,타이트
493,하의,점퍼,맥시,노멀
494,하의,점퍼,맥시,루즈
495,하의,점퍼,맥시,오버사이즈
496,하의,패딩,,
497,하의,패딩,,타이트
498,하의,패딩,,노멀
499,하의,패딩,,루즈
500,하의,패딩,,오버사이즈
501,하의,패딩,크롭,
502,하의,패딩,크롭,타이트
503,하의,패딩,크롭,노멀
504,하의,패딩,크롭,루즈
505,하의,패딩,크롭,오버사이즈
506,하의,패딩,노멀,
507,하의,패딩,노멀,타이트
508,하의,패딩,노멀,노멀
509,하의,패딩,노멀,루즈
510,하의,패딩,노멀,오버사이즈
511,하의,패딩,하프,
512,하의,패딩,하프,타이트
513,하의,패딩,하프,노멀
514,하의,패딩,하프,루즈
515,하의,패딩,하프,오버사이즈
516,하의,패딩,롱,
517,하의,패딩,롱,타이트
518,하의,패딩,롱,노멀
519,하의,패딩,롱,루즈
520,하의,패딩,롱,오버사이즈
521,하의,패딩,맥시,
522,하의,패딩,맥시,타이트
523,하의,패딩,맥시,노멀
524,하의,패딩,맥시,루즈
525,하의,패딩,맥시,오버사이즈
526,하의,베스트,,
527,하의,베스트,,타이트
528,하의,베스트,,노멀
529,하의,베스트,,루즈
530,하의,베스트,,오버사이즈
531,하의,베스트,크롭,
532,하의,베스트,크롭,타이트
533,하의,베스트,크롭,노멀
534,하의,베스트,크롭,루즈
535,하의,베스트,크롭,오버사이즈
536,하의,베스트,노멀,
537,하의,베스트,노멀,타이트
538,하의,베스트,노멀,노멀
539,하의,베스트,노멀,루즈
540,하의,베스트,노멀,오버사이즈
541,하의,베스트,하프,
542,하의,베스트,하프,타이트
543,하의,베스트,하프,노멀
544,하의,베스트,하프,루즈
545,하의,베스트,하프,오버사이즈
546,하의,베스트,롱,
547,하의,베스트,롱,타이트
548,하의,베스트,롱,노멀
549,하의,베스트,롱,루즈
550,하의,베스트,롱,오버사이즈
551,하의,베스트,맥시,
552,하의,베스트,맥시,타이트
553,하의,베스트,맥시,노멀
554,하의,베스트,맥시,루즈
555,하의,베스트,맥시,오버사이즈
556,하의,가디건,,
557,하의,가디건,,타이트
558,하의,가디건,,노멀
559,하의,가디건,,루즈
560,하의,가디건,,오버사이즈
561,하의,가디건,크롭,
562,하의,가디건,크롭,타이트
563,하의,가디건,크롭,노멀
564,하의,가디건,크롭,루즈
565,하의,가디건,크롭,오버사이즈
566,하의,가디건,노멀,
567,하의,가디건,노멀,타이트
568,하의,가디건,노멀,노멀
569,하의,가디건,노멀,루즈
570,하의,가디건,노멀,오버사이즈
571,하의,가디건,하프,
572,하의,가디건,하프,타이트
573,하의,가디건,하프,노멀
574,하의,가디건,하프,루즈
575,하의,가디건,하프,오버사이즈
576,하의,가디건,롱,
577,하의,가디건,롱,타이트
578,하의,가디건,롱,노멀
579,하의,가디건,롱,루즈
580,하의,가디건,롱,오버사이즈
581,하의,가디건,맥시,
582,하의,가디건,맥시,타이트
583,하의,가디건,맥시,노멀
584,하의,가디건,맥시,루즈
585,하의,가디건,맥시,오버사이즈
586,하의,집업,,
587,하의,집업,,타이트
588,하의,집업,,노멀
589,하의,집업,,루즈
590,하의,집업,,오버사이즈
591,하의,집업,크롭,
592,하의,집업,크롭,타이트
593,하의,집업,크롭,노멀
594,하의,집업,크롭,루즈
595,하의,집업,크롭,오버사이즈
596,하의,집업,노멀,
597,하의,집업,노멀,타이트
598,하의,집업,노멀,노멀
599,하의,집업,노멀,루즈
600,하의,집업,노멀,오버사이즈
601,하의,집업,하프,
602,하의,집업,하프,타이트
603,하의,집업,하프,노멀
604,하의,집업,하프,루즈
605,하의,집업,하프,오버사이즈
606,하의,집업,롱,
607,하의,집업,롱,타이트
608,하의,집업,롱,노멀
609,하의,집업,롱,루즈
610,하의,집업,롱,오버사이즈
611,하의,집업,맥시,
612,하의,집업,맥시,타이트
613,하의,집업,맥시,노멀
614,하의,집업,맥시,루즈
615,하의,집업,맥시,오버사이즈
616,아우터,,,
617,아우터,,,타이트
618,아우터,,,노멀
619,아우터,,,루즈
620,아우터,,,오버사이즈
621,아우터,,미니,
622,아우터,,미니,타이트
623,아우터,,미니,노멀
624,아우터,,미니,루즈
625,아우터,,미니,오버사이즈
626,아우터,,니렝스,
627,아우터,,니렝스,타이트
628,아우터,,니렝스,노멀
629,아우터,,니렝스,루즈
630,아우터,,니렝스,오버사이즈
631,아우터,,미디,
632,아우터,,미디,타이트
633,아우터,,미디,노멀
634,아우터,,미디,루즈
635,아우터,,미디,오버사이즈
636,아우터,,발목,
637,아우터,,발목,타이트
638,아우터,,발목,노멀
639,아우터,,발목,루즈
640,아우터,,발목,오버사이즈
641,아우터,,맥시,
642,아우터,,맥시,타이트
643,아우터,,맥시,노멀
644,아우터,,맥시,루즈
645,아우터,,맥시,오버사이즈
646,아우터,드레스,,
647,아우터,드레스,,타이트
648,아우터,드레스,,노멀
649,아우터,드레스,,루즈
650,아우터,드레스,,오버사이즈
651,아우터,드레스,미니,
652,아우터,드레스,미니,타이트
653,아우터,드레스,미니,노멀
654,아우터,드레스,미니,루즈
655,아우터,드레스,미니,오버사이즈
656,아우터,드레스,니렝스,
657,아우터,드레스,니렝스,타이트
658,아우터,드레스,니렝스,노멀
659,아우터,드레스,니렝스,루즈
660,아우터,드레스,니렝스,오버사이즈
661,아우터,드레스,미디,
662,아우터,드레스,미디,타이트
663,아우터,드레스,미디,노멀
664,아우터,드레스,미디,루즈
665,아우터,드레스,미디,오버사이즈
666,아우터,드레스,발목,
667,아우터,드레스,발목,타이트
668,아우터,드레스,발목,노멀
669,아우터,드레스,발목,루즈
670,아우터,드레스,발목,오버사이즈
671,아우터,드레스,맥시,
672,아우터,드레스,맥시,타이트
673,아우터,드레스,맥시,노멀
674,아우터,드레스,맥시,루즈
675,아우터,드레스,맥시,오버사이즈
676,아우터,점프수트,,
677,아우터,점프수트,,타이트
678,아우터,점프수트,,노멀
679,아우터,점프수트,,루즈
680,아우터,점프수트,,오버사이즈
681,아우터,점프수트,미니,
682,아우터,점프수트,미니,타이트
683,아우터,점프수트,미니,노멀
684,아우터,점프수트,미니,루즈
685,아우터,점프수트,미니,오버사이즈
686,아우터,점프수트,니렝스,
687,아우터,점프수트,니렝스,타이트
688,아우터,점프수트,니렝스,노멀
689,아우터,점프수트,니렝스,루즈
690,아우터,점프수트,니렝스,오버사이즈
691,아우터,점프수트,미디,
692,아우터,점프수트,미디,타이트
693,아우터,점프수트,미디,노멀
694,아우터,점프수트,미디,루즈
695,아우터,점프수트,미디,오버사이즈
696,아우터,점프수트,발목,
697,아우터,점프수트,발목,타이트
698,아우터,점프수트,발목,노멀
699,아우터,점프수트,발목,루즈
700,아우터,점프수트,발목,오버사이즈
701,아우터,점프수트,맥시,
702,아우터,점프수트,맥시,타이트
703,아우터,점프수트,맥시,노멀
704,아우터,점프수트,맥시,루즈
705,아우터,점프수트,맥시,오버사이즈
